Workbook

Sheet Resource Planning
T1: 8 | U1: 9 | V1: 10 | W1: 11 | X1: 12 | Y1: 1 | Z1: 2 | AA1: 3 | AB1: 4 | AC1: 5 | AD1: 6 | AE1: 7 | AF1: 8 | AG1: 9 | AH1: 10 | AI1: 11 | AJ1: 12 | AK1: 1 | AL1: 2 | AM1: 3 | AN1: 4 | AO1: 5 | AP1: 6 | AQ1: 7 | AR1: 8 | AS1: 9 | AT1: 10 | AU1: 11 | AV1: 12 | AW1: 1 | AX1: 2 | AY1: 3 | AZ1: 4 | BA1: 5 | BB1: 6 | BC1: 7 | BD1: 8 | BE1: 9 | BF1: 10 | BG1: 11 | BH1: 12 | BI1: 1 | BJ1: 2 | BK1: 3 | BL1: 4 | BM1: 5 | BN1: 6 | BO1: 7 | BP1: 8 | BQ1: 9 | BR1: 10 | BS1: 11 | BT1: 12
T2: 2025 | U2: 2025 | V2: 2025 | W2: 2025 | X2: 2025 | Y2: 2026 | Z2: 2026 | AA2: 2026 | AB2: 2026 | AC2: 2026 | AD2: 2026 | AE2: 2026 | AF2: 2026 | AG2: 2026 | AH2: 2026 | AI2: 2026 | AJ2: 2026 | AK2: 2027 | AL2: 2027 | AM2: 2027 | AN2: 2027 | AO2: 2027 | AP2: 2027 | AQ2: 2027 | AR2: 2027 | AS2: 2027 | AT2: 2027 | AU2: 2027 | AV2: 2027 | AW2: 2028 | AX2: 2028 | AY2: 2028 | AZ2: 2028 | BA2: 2028 | BB2: 2028 | BC2: 2028 | BD2: 2028 | BE2: 2028 | BF2: 2028 | BG2: 2028 | BH2: 2028 | BI2: 2029 | BJ2: 2029 | BK2: 2029 | BL2: 2029 | BM2: 2029 | BN2: 2029 | BO2: 2029 | BP2: 2029 | BQ2: 2029 | BR2: 2029 | BS2: 2029 | BT2: 2029
I3: P1 GM | N3: P1 GM | T3: =+'Resource Planning'!W3 | V3: =+'Resource Planning'!Y3 | W3: =+'Resource Planning'!Z3 | X3: KICK OFF | AB3: REQF | AP3: FFV | AR3: EFV | AV3: AFV | BE3: SSSR | BO3: SOP
G14: NEW FILL THIS MANDATORY
S15: Sum FTE | T15: =SUM(T19:T34) -> 0 | U15: =SUM(U19:U34) -> 0 | V15: =SUM(V19:V34) -> 0 | W15: =SUM(W19:W34) -> 0 | X15: =SUM(X19:X34) -> 0 | Y15: =SUM(Y19:Y34) -> 0 | Z15: =SUM(Z19:Z34) -> 0 | AA15: =SUM(AA19:AA34) -> 0 | ... BT15: =SUM(BT19:BT34) -> 0
P16: Status | Q16: =SUM(Q19:Q34) -> 7250 | S16: =SUM(S19:S34) -> 64000
E17: FTE ALLOCATION | T17: FTE | U17: FTE | V17: FTE | W17: FTE | X17: FTE | Y17: FTE | Z17: FTE | AA17: FTE | AB17: FTE | AC17: FTE | AD17: FTE | AE17: FTE | AF17: FTE | AG17: FTE | AH17: FTE | AI17: FTE | AJ17: FTE | AK17: FTE | AL17: FTE | AM17: FTE | AN17: FTE | AO17: FTE | AP17: FTE | AQ17: FTE | AR17: FTE | AS17: FTE | AT17: FTE | AU17: FTE | AV17: FTE | AW17: FTE | AX17: FTE | AY17: FTE | AZ17: FTE | BA17: FTE | BB17: FTE | BC17: FTE | BD17: FTE | BE17: FTE | BF17: FTE | BG17: FTE | BH17: FTE | BI17: FTE | BJ17: FTE | BK17: FTE | BL17: FTE | BM17: FTE | BN17: FTE | BO17: FTE | BP17: FTE | BQ17: FTE | BR17: FTE | BS17: FTE | BT17: FTE
B18: Check input | C18: Keywords | D18: Product Constellation | E18: Main_Pillar | F18: Main_Pillar SCAN | G18: DEPARTMENT | H18: PROJECT | I18: PROJECT TO BE CHARGED | J18: P1 / P2 | K18: Workpackage | L18: Sub Disciplines Activity (Task) | M18: Location_PL/GTC | N18: Sub Disciplines | O18: Internal/ External | P18: HCC/LCC | Q18: Total Hours | R18: External Resource | S18: Total Cost in EUR (CAA currency) | T18: =DATE(T2,T1,1) -> 45870 | U18: =DATE(U2,U1,1) -> 45901 | V18: =DATE(V2,V1,1) -> 45931 | W18: =DATE(W2,W1,1) -> 45962 | X18: =DATE(X2,X1,1) -> 45992 | Y18: =DATE(Y2,Y1,1) -> 46023 | Z18: =DATE(Z2,Z1,1) -> 46054 | AA18: =DATE(AA2,AA1,1) -> 46082 | ... BN18: =DATE(BN2,BN1,1) -> 47270 | BO18: 47300 | BP18: 47331 | BQ18: 47362 | BR18: 47392 | BS18: 47423 | BT18: 47453
B19: OK | C19: KPI | D19: 1 Base | E19: SystemValidation | F19: 6 SystemValidation | G19: SysVal | H19: P1 GM | I19: P1 GM | J19: P1 | K19: 2-SYS2xx | L19: KPI | M19: NON LiDAR_Cairo | N19: SYV-General | O19: Internal | P19: LCC | Q19: 350 | R19: no | S19: 4000 | AA19: 0.5 | AB19: 0.5 | AC19: 0.5 | AD19: 0.5 | AE19: 0.5 | AF19: 0.5 | AG19: 0.5 | AH19: 0.5 | AI19: 0.5 | AJ19: 0.5 | AK19: 0.5 | AL19: 0.5 | AM19: 0.5 | AN19: 0.5 | AO19: 0.5 | AP19: 0.5 | AQ19: 0.5 | AR19: 0.5 | AS19: 0.5 | AT19: 0.5 | AU19: 0.5 | AV19: 0.5 | AW19: 0.5 | AX19: 0.5
B20: OK | C20: Trace checker | D20: 1 Base | E20: SystemValidation | F20: 6 SystemValidation | G20: SysVal | H20: P1 GM | I20: P1 GM | J20: P1 | K20: 2-SYS2xx | L20: Data factory TC | M20: LIDAR_Bietigheim | N20: SYV-General | O20: Internal | P20: HCC | Q20: 6000 | R20: no | S20: 35000 | AR20: 1 | AS20: 1 | AT20: 1 | AU20: 1 | AV20: 1 | AW20: 1 | AX20: 1 | AY20: 1
B21: no FTE planned | C21: SiL | D21: 1 Base | E21: SystemValidation | F21: 6 SystemValidation | G21: SysVal | H21: P1 GM | I21: P1 GM | J21: P1 | K21: 2-SYS2xx | L21: Reprocessing SIL | N21: SYV-General | O21: Internal | R21: no
B22: no FTE planned | C22: HIL | D22: 1 Base | E22: SystemValidation | F22: 6 SystemValidation | G22: SysVal | H22: P1 GM | I22: P1 GM | J22: P1 | K22: 2-SYS2xx | L22: Reprocessing HIL | N22: SYV-General | O22: Internal | R22: no
B23: no FTE planned | C23: System Test | D23: 1 Base | E23: SystemValidation | F23: 6 SystemValidation | G23: SysVal | H23: P1 GM | I23: P1 GM | J23: P1 | K23: 2-SYS2xx | L23: SYS.5 | N23: SYV-General | O23: Internal | R23: no
B24: no FTE planned | C24: System Integration Test | D24: 1 Base | E24: SystemValidation | F24: 6 SystemValidation | G24: SysVal | H24: P1 GM | I24: P1 GM | J24: P1 | K24: 2-SYS2xx | L24: SYS.4 | N24: SYV-General | O24: Internal | R24: no
B25: no FTE planned | C25: Pipeline | D25: 1 Base | E25: SystemValidation | F25: 6 SystemValidation | G25: SysVal | H25: P1 GM | I25: P1 GM | J25: P1 | K25: 2-SYS2xx | L25: Data factory Pipeline | N25: SYV-General | O25: Internal | R25: no
B26: no FTE planned | C26: Visualization | D26: 1 Base | E26: SystemValidation | F26: 6 SystemValidation | G26: SysVal | H26: P1 GM | I26: P1 GM | J26: P1 | K26: 2-SYS2xx | L26: Visualization | N26: SYV-General | O26: Internal | R26: no
B27: OK | C27: Vehicle tooling | D27: 1 Base | E27: SystemValidation | F27: 6 SystemValidation | G27: SysVal | H27: P1 GM | I27: P1 GM | J27: P1 | K27: 2-SYS2xx | L27: Vehicle tooling | M27: NON LiDAR_Prague | N27: SYV-General | O27: Internal | P27: LCC | Q27: 150 | R27: no | S27: 25000 | AV27: 1 | AW27: 2.5 | AX27: 1
B28: no FTE planned | C28: RCC | D28: 1 Base | E28: SystemValidation | F28: 6 SystemValidation | G28: SysVal | H28: P1 GM | I28: P1 GM | J28: P1 | K28: 2-SYS2xx | L28: Reprocessing RCC | N28: SYV-General | O28: Internal | R28: no
B29: no FTE planned | C29: Operations | D29: 1 Base | E29: SystemValidation | F29: 6 SystemValidation | G29: SysVal | H29: P1 GM | I29: P1 GM | J29: P1 | K29: 2-SYS2xx | L29: Operations | N29: SYV-General | O29: Internal | R29: no
B30: no FTE planned | C30: Operations | D30: 1 Base | E30: SystemValidation | F30: 6 SystemValidation | G30: SysVal | H30: P1 GM | I30: P1 GM | J30: P1 | K30: 2-SYS2xx | L30: Operations | N30: SYV-General | O30: Internal | R30: no
B31: no FTE planned | C31: PIL | D31: 1 Base | E31: SystemValidation | F31: 6 SystemValidation | G31: SysVal | H31: P1 GM | I31: P1 GM | J31: P1 | K31: 2-SYS2xx | L31: Reprocessing PIL | N31: SYV-General | O31: Internal | R31: no
B32: no FTE planned | C32: Other | D32: 1 Base | E32: SystemValidation | F32: 6 SystemValidation | G32: SysVal | H32: P1 GM | I32: P1 GM | J32: P1 | K32: 2-SYS2xx | L32: Other | N32: SYV-General | O32: Internal | R32: no
B33: no FTE planned | C33: SiL | D33: 1 Base | E33: SystemValidation | F33: 6 SystemValidation | G33: SysVal | H33: P1 GM | I33: P1 GM | J33: P1 | K33: 2-SYS2xx | L33: KPI | N33: SYV-General | O33: Internal | R33: no
B34: no Allocation done | C34: SiL | D34: 1 Base | E34: SystemValidation | F34: 6 SystemValidation | G34: SysVal | H34: P2 BMW | I34: P2 BMW | J34: P2 | K34: 2-SYS2xx | N34: SYV-General | O34: Internal | Q34: 750 | R34: no | AR34: 2 | AS34: 2 | AT34: 2 | AU34: 2

Sheet Expenses Proj Spec
Q1: 8 | R1: 9 | S1: 10 | T1: 11 | U1: 12 | V1: 1 | W1: 2 | X1: 3 | Y1: 4 | Z1: 5 | AA1: 6 | AB1: 7 | AC1: 8 | AD1: 9 | AE1: 10 | AF1: 11 | AG1: 12 | AH1: 1 | AI1: 2 | AJ1: 3 | AK1: 4 | AL1: 5 | AM1: 6 | AN1: 7 | AO1: 8 | AP1: 9 | AQ1: 10 | AR1: 11 | AS1: 12 | AT1: 1 | AU1: 2 | AV1: 3 | AW1: 4 | AX1: 5 | AY1: 6 | AZ1: 7 | BA1: 8 | BB1: 9 | BC1: 10 | BD1: 11 | BE1: 12 | BF1: 1 | BG1: 2 | BH1: 3 | BI1: 4 | BJ1: 5 | BK1: 6 | BL1: 7 | BM1: 8 | BN1: 9 | BO1: 10 | BP1: 11 | BQ1: 12
Q2: 2025 | R2: 2025 | S2: 2025 | T2: 2025 | U2: 2025 | V2: 2026 | W2: 2026 | X2: 2026 | Y2: 2026 | Z2: 2026 | AA2: 2026 | AB2: 2026 | AC2: 2026 | AD2: 2026 | AE2: 2026 | AF2: 2026 | AG2: 2026 | AH2: 2027 | AI2: 2027 | AJ2: 2027 | AK2: 2027 | AL2: 2027 | AM2: 2027 | AN2: 2027 | AO2: 2027 | AP2: 2027 | AQ2: 2027 | AR2: 2027 | AS2: 2027 | AT2: 2028 | AU2: 2028 | AV2: 2028 | AW2: 2028 | AX2: 2028 | AY2: 2028 | AZ2: 2028 | BA2: 2028 | BB2: 2028 | BC2: 2028 | BD2: 2028 | BE2: 2028 | BF2: 2029 | BG2: 2029 | BH2: 2029 | BI2: 2029 | BJ2: 2029 | BK2: 2029 | BL2: 2029 | BM2: 2029 | BN2: 2029 | BO2: 2029 | BP2: 2029 | BQ2: 2029
O3: P1 GM | Q3: =+'Resource Planning'!T3 | R3: =+'Resource Planning'!U3 | S3: =+'Resource Planning'!V3 | T3: =+'Resource Planning'!W3 | U3: KICK OFF | Y3: REQF | AM3: FFV | AO3: EFV | AS3: AFV | BB3: SSSR | BL3: SOP | BM3: =+'Resource Planning'!BP3 | BN3: =+'Resource Planning'!BQ3 | BO3: =+'Resource Planning'!BR3 | BP3: =+'Resource Planning'!BS3 | BQ3: =+'Resource Planning'!BT3
Q4: =+'Resource Planning'!T4 | R4: =+'Resource Planning'!U4 | S4: =+'Resource Planning'!V4 | T4: =+'Resource Planning'!W4 | U4: =+'Resource Planning'!X4 | V4: =+'Resource Planning'!Y4 | W4: =+'Resource Planning'!Z4 | X4: =+'Resource Planning'!AA4 | ... BQ4: =+'Resource Planning'!BT4
Q5: =+'Resource Planning'!T5 | R5: =+'Resource Planning'!U5 | S5: =+'Resource Planning'!V5 | T5: =+'Resource Planning'!W5 | U5: =+'Resource Planning'!X5 | V5: =+'Resource Planning'!Y5 | W5: =+'Resource Planning'!Z5 | X5: =+'Resource Planning'!AA5 | ... BQ5: =+'Resource Planning'!BT5
Q6: =+'Resource Planning'!T6 | R6: =+'Resource Planning'!U6 | S6: =+'Resource Planning'!V6 | T6: =+'Resource Planning'!W6 | U6: =+'Resource Planning'!X6 | V6: =+'Resource Planning'!Y6 | W6: =+'Resource Planning'!Z6 | X6: =+'Resource Planning'!AA6 | ... BQ6: =+'Resource Planning'!BT6
Q7: =+'Resource Planning'!T7 | R7: =+'Resource Planning'!U7 | S7: =+'Resource Planning'!V7 | T7: =+'Resource Planning'!W7 | U7: =+'Resource Planning'!X7 | V7: =+'Resource Planning'!Y7 | W7: =+'Resource Planning'!Z7 | X7: =+'Resource Planning'!AA7 | ... BQ7: =+'Resource Planning'!BT7
Q8: =+'Resource Planning'!T11 | R8: =+'Resource Planning'!U11 | S8: =+'Resource Planning'!V11 | T8: =+'Resource Planning'!W11 | U8: =+'Resource Planning'!X11 | V8: =+'Resource Planning'!Y11 | W8: =+'Resource Planning'!Z11 | X8: =+'Resource Planning'!AA11 | ... BQ8: =+'Resource Planning'!BT11
Q9: =+'Resource Planning'!T14 | R9: =+'Resource Planning'!U14 | S9: =+'Resource Planning'!V14 | T9: =+'Resource Planning'!W14 | U9: =+'Resource Planning'!X14 | V9: =+'Resource Planning'!Y14 | W9: =+'Resource Planning'!Z14 | X9: =+'Resource Planning'!AA14 | ... BQ9: =+'Resource Planning'!BT14
O11: Status | P11: =SUM(P14:P18) -> 527150 | Q11: =+'Resource Planning'!T16 | R11: =+'Resource Planning'!U16 | S11: =+'Resource Planning'!V16 | T11: =+'Resource Planning'!W16 | U11: =+'Resource Planning'!X16 | V11: =+'Resource Planning'!Y16 | W11: =+'Resource Planning'!Z16 | X11: =+'Resource Planning'!AA16 | ... BQ11: =+'Resource Planning'!BT16
D12: Project Specific Expenses | M12: Input Currency | O12: EUR | Q12: EUR | R12: EUR | S12: EUR | T12: EUR | U12: EUR | V12: EUR | W12: EUR | X12: EUR | Y12: EUR | Z12: EUR | AA12: EUR | AB12: EUR | AC12: EUR | AD12: EUR | AE12: EUR | AF12: EUR | AG12: EUR | AH12: EUR | AI12: EUR | AJ12: EUR | AK12: EUR | AL12: EUR | AM12: EUR | AN12: EUR | AO12: EUR | AP12: EUR | AQ12: EUR | AR12: EUR | AS12: EUR | AT12: EUR | AU12: EUR | AV12: EUR | AW12: EUR | AX12: EUR | AY12: EUR | AZ12: EUR | BA12: EUR | BB12: EUR | BC12: EUR | BD12: EUR | BE12: EUR | BF12: EUR | BG12: EUR | BH12: EUR | BI12: EUR | BJ12: EUR | BK12: EUR | BL12: EUR | BM12: EUR | BN12: EUR | BO12: EUR | BP12: EUR | BQ12: EUR
A13: Check Input | B13: Keywords | C13: Product Constellation | D13: Main_Pillar | E13: Main_Pillar SCAN | F13: DEPARTMENT | G13: PROJECT | H13: PROJECT TO BE CHARGED | I13: P1 / P2 | J13: Workpackage | K13: Location_PL | L13: Expenses Type | M13: Outsourced Workpackage(yes/no) | N13: Deferred payments | O13: Sub Disciplines Activity (Task) | P13: Total Cost in EUR (CAA currency) | Q13: 45870 | R13: 45901 | S13: 45931 | T13: 45962 | U13: 45992 | V13: 46023 | W13: 46054 | X13: 46082 | Y13: 46113 | Z13: 46143 | AA13: 46174 | AB13: 46204 | AC13: 46235 | AD13: 46266 | AE13: 46296 | AF13: 46327 | AG13: 46357 | AH13: 46388 | AI13: 46419 | AJ13: 46447 | AK13: 46478 | AL13: 46508 | AM13: 46539 | AN13: 46569 | AO13: 46600 | AP13: 46631 | AQ13: 46661 | AR13: 46692 | AS13: 46722 | AT13: 46753 | AU13: 46784 | AV13: 46813 | AW13: 46844 | AX13: 46874 | AY13: 46905 | AZ13: 46935 | BA13: 46966 | BB13: 46997 | BC13: 47027 | BD13: 47058 | BE13: 47088 | BF13: 47119 | BG13: 47150 | BH13: 47178 | BI13: 47209 | BJ13: 47239 | BK13: 47270 | BL13: 47300 | BM13: 47331 | BN13: 47362 | BO13: 47392 | BP13: 47423 | BQ13: 47453
A14: OK | B14: SiL | C14: 1 Base | D14: SystemValidation | E14: 6 SystemValidation | F14: SysVal | G14: P1 GM | H14: P1 GM | I14: P1 | J14: 2-SYSVAL2xx | K14: LIDAR_Bietigheim | L14: Contracted Workpackage | M14: yes | N14: YES_6 months | O14: KPI - Lane detection KPI | P14: =SUM(Q14:BQ14) -> 7000 | V14: 2000 | Y14: 5000
A15: OK | B15: HIL | C15: 1 Base | D15: SystemValidation | E15: 6 SystemValidation | F15: SysVal | G15: P1 GM | H15: P1 GM | I15: P1 | J15: 1-SYSVAL1xx | L15: Lincese | M15: no | N15: NO | O15: KPI Analysis License | P15: =SUM(Q15:BQ15) -> 215000 | Z15: 15000 | AA15: 200000
A16: OK | B16: System Test | C16: 1 Base | D16: SystemValidation | E16: 6 SystemValidation | F16: SysVal | G16: P1 GM | H16: P1 GM | I16: P1 | J16: 1-SYSVAL1xx | L16: Hardware | M16: no | N16: NO | O16: Data Processing Workstation | P16: =SUM(Q16:BQ16) -> 5150 | AI16: 5000 | AJ16: 150
A17: OK | B17: System Integration Test | C17: 1 Base | D17: SystemValidation | E17: 6 SystemValidation | F17: SysVal | G17: P1 GM | H17: P1 GM | I17: P1 | J17: 1-SYSVAL1xx | K17: NON LiDAR_Prague | L17: Contracted Workpackage | M17: yes | N17: NO | O17: Server Maintenance Service | P17: =SUM(Q17:BQ17) -> 300000 | AI17: 300000
A18: no Expenses planned | B18: Other | C18: 1 Base | D18: SystemValidation | E18: 6 SystemValidation | F18: SysVal | G18: P2 BMW | H18: P2 BMW | I18: P2 | J18: 4-SYSVAL4xx | L18: Travel | M18: no | N18: NO | O18: BMW Travel pass | P18: =SUM(Q18:BQ18) -> 0
